item_id,genre,blind,cue_stratum,dominant,n_votes,agreement,subordinate_majority,tie
everyday-000,everyday,1,,SYN,9,1.0,0,0
everyday-001,everyday,1,,SYN,9,1.0,0,0
everyday-002,everyday,1,,SYN,9,1.0,0,0
everyday-003,everyday,1,,SYN,9,1.0,0,0
everyday-004,everyday,1,,SYN,9,0.889,0,0
everyday-005,everyday,1,,SYN,9,1.0,0,0
everyday-006,everyday,1,,SYN,9,0.556,0,0
everyday-007,everyday,1,,SYN,9,1.0,0,0
everyday-008,everyday,1,,SYN,9,1.0,0,0
everyday-009,everyday,1,,PAR,9,0.889,0,0
everyday-010,everyday,1,,SYN,9,0.667,0,0
everyday-011,everyday,1,,SYN,9,1.0,0,0
everyday-012,everyday,1,,SYN,9,1.0,0,0
everyday-013,everyday,1,,SYN,9,1.0,0,0
everyday-014,everyday,1,,SYN,9,0.778,0,0
everyday-015,everyday,1,,SYN,9,0.889,0,0
everyday-016,everyday,1,,SYN,9,1.0,0,0
everyday-017,everyday,1,,SYN,9,1.0,0,0
everyday-018,everyday,1,,PAR,9,1.0,0,0
everyday-019,everyday,1,,SYN,9,1.0,0,0
everyday-020,everyday,1,,SYN,9,1.0,0,0
everyday-021,everyday,1,,SYN,9,1.0,0,0
everyday-022,everyday,1,,SYN,9,1.0,0,0
everyday-023,everyday,1,,SYN,9,1.0,0,0
everyday-024,everyday,1,,SYN,9,1.0,0,0
everyday-025,everyday,1,,PAR,9,1.0,1,0
everyday-026,everyday,1,,SYN,9,1.0,0,0
everyday-027,everyday,1,,SYN,9,1.0,0,0
everyday-028,everyday,1,,SYN,9,1.0,0,0
everyday-029,everyday,1,,SYN,9,1.0,0,0
everyday-030,everyday,1,,PAR,9,0.556,0,0
everyday-031,everyday,1,,SYN,9,1.0,0,0
everyday-032,everyday,1,,SYN,9,1.0,0,0
everyday-033,everyday,1,,SYN,9,1.0,0,0
everyday-034,everyday,1,,SYN,9,0.667,1,0
everyday-035,everyday,1,,SYN,9,1.0,0,0
everyday-036,everyday,1,,SYN,9,1.0,0,0
everyday-037,everyday,1,,SYN,9,0.778,0,0
everyday-038,everyday,1,,SYN,9,1.0,0,0
everyday-039,everyday,1,,SYN,9,1.0,0,0
everyday-040,everyday,1,,SYN,9,1.0,0,0
everyday-041,everyday,1,,SYN,9,1.0,0,0
everyday-042,everyday,1,,SYN,9,1.0,0,0
everyday-043,everyday,1,,SYN,9,1.0,0,0
everyday-044,everyday,1,,SYN,9,1.0,0,0
everyday-045,everyday,1,,SYN,9,1.0,0,0
everyday-046,everyday,1,,SYN,9,1.0,0,0
everyday-047,everyday,1,,SYN,9,1.0,0,0
everyday-048,everyday,1,,SYN,9,1.0,0,0
everyday-049,everyday,1,,SYN,9,1.0,0,0
everyday-050,everyday,1,,SYN,9,1.0,0,0
everyday-051,everyday,1,,PAR,9,0.667,0,0
everyday-052,everyday,1,,SYN,9,1.0,0,0
everyday-053,everyday,1,,SYN,9,1.0,0,0
everyday-054,everyday,1,,SYN,9,1.0,0,0
everyday-055,everyday,1,,SYN,9,1.0,0,0
everyday-056,everyday,1,,SYN,9,1.0,0,0
everyday-057,everyday,1,,SYN,9,1.0,0,0
everyday-058,everyday,1,,SYN,9,1.0,0,0
everyday-059,everyday,1,,SYN,9,1.0,0,0
everyday-060,everyday,1,,SYN,9,1.0,0,0
everyday-061,everyday,1,,SYN,9,1.0,0,0
everyday-062,everyday,1,,SYN,9,1.0,0,0
everyday-063,everyday,1,,SYN,9,1.0,0,0
everyday-064,everyday,1,,SYN,9,1.0,0,0
everyday-065,everyday,1,,SYN,9,1.0,0,0
everyday-066,everyday,1,,SYN,9,1.0,0,0
everyday-067,everyday,1,,SYN,9,1.0,0,0
everyday-068,everyday,1,,SYN,9,1.0,0,0
everyday-069,everyday,1,,SYN,9,1.0,0,0
everyday-070,everyday,1,,SYN,9,0.778,0,0
everyday-071,everyday,1,,SYN,9,1.0,0,0
everyday-072,everyday,1,,SYN,9,1.0,0,0
everyday-073,everyday,1,,SYN,9,1.0,0,0
everyday-074,everyday,1,,SYN,9,0.889,0,0
everyday-075,everyday,1,,SYN,9,1.0,0,0
everyday-076,everyday,1,,SYN,9,0.667,1,0
everyday-077,everyday,1,,SYN,9,1.0,0,0
everyday-078,everyday,1,,SYN,9,1.0,0,0
everyday-079,everyday,1,,SYN,9,1.0,0,0
everyday-080,everyday,1,,ANT,9,1.0,1,0
everyday-081,everyday,1,,SYN,9,1.0,0,0
everyday-082,everyday,1,,SYN,9,1.0,0,0
everyday-083,everyday,1,,SYN,9,0.778,0,0
everyday-084,everyday,1,,SYN,9,1.0,0,0
everyday-085,everyday,1,,SYN,9,1.0,0,0
everyday-086,everyday,1,,SYN,9,1.0,0,0
everyday-087,everyday,1,,SYN,9,1.0,0,0
everyday-088,everyday,1,,SYN,9,1.0,0,0
everyday-089,everyday,1,,SYN,9,1.0,0,0
everyday-090,everyday,1,,SYN,9,0.778,0,0
everyday-091,everyday,1,,SYN,9,1.0,0,0
everyday-092,everyday,1,,SYN,9,1.0,0,0
everyday-093,everyday,1,,SYN,9,1.0,0,0
everyday-094,everyday,1,,SYN,9,1.0,1,0
everyday-095,everyday,1,,SYN,9,1.0,0,0
everyday-096,everyday,1,,SYN,9,1.0,0,0
everyday-097,everyday,1,,SYN,9,1.0,0,0
everyday-098,everyday,1,,SYN,9,0.556,1,0
legal-000,legal,1,,SYN,9,1.0,0,0
legal-001,legal,1,,SYN,9,1.0,0,0
legal-002,legal,1,,SYN,9,1.0,0,0
legal-003,legal,1,,SYN,9,0.889,0,0
legal-004,legal,1,,SYN,9,1.0,0,0
legal-005,legal,1,,NONE,9,1.0,0,0
legal-006,legal,1,,SYN,9,1.0,0,0
legal-007,legal,1,,NONE,9,0.667,0,0
legal-008,legal,1,,SYN,9,1.0,0,0
legal-009,legal,1,,SYN,9,1.0,0,0
legal-010,legal,1,,SYN,9,1.0,0,0
legal-011,legal,1,,SYN,9,1.0,0,0
legal-012,legal,1,,SYN,9,1.0,0,0
legal-013,legal,1,,SYN,9,1.0,0,0
legal-014,legal,1,,SYN,9,1.0,0,0
legal-015,legal,1,,SYN,9,1.0,0,0
legal-016,legal,1,,SYN,9,1.0,0,0
legal-017,legal,1,,SYN,9,1.0,0,0
legal-018,legal,1,,SYN,9,0.889,0,0
legal-019,legal,1,,SYN,9,0.778,0,0
legal-020,legal,1,,SYN,9,1.0,0,0
legal-021,legal,1,,SYN,9,1.0,0,0
legal-022,legal,1,,SYN,9,1.0,0,0
legal-023,legal,1,,NONE,9,0.778,0,0
legal-024,legal,1,,SYN,9,1.0,0,0
legal-025,legal,1,,SYN,9,0.889,0,0
legal-026,legal,1,,SYN,9,1.0,0,0
legal-027,legal,1,,SYN,9,1.0,0,0
legal-028,legal,1,,SYN,9,1.0,0,0
legal-029,legal,1,,SYN,9,1.0,0,0
legal-030,legal,1,,SYN,9,1.0,0,0
legal-031,legal,1,,SYN,9,1.0,0,0
legal-032,legal,1,,SYN,9,1.0,0,0
legal-033,legal,1,,NONE,9,0.667,0,0
legal-034,legal,1,,NONE,9,0.889,0,0
legal-035,legal,1,,PAR,9,0.556,0,0
legal-036,legal,1,,SYN,9,0.889,0,0
legal-037,legal,1,,SYN,9,0.667,0,0
legal-038,legal,1,,SYN,9,1.0,0,0
legal-039,legal,1,,SYN,9,1.0,0,0
legal-040,legal,1,,NONE,9,0.444,0,1
legal-041,legal,1,,SYN,9,1.0,0,0
legal-042,legal,1,,NONE,9,0.778,0,0
legal-043,legal,1,,SYN,9,1.0,0,0
legal-044,legal,1,,SYN,9,0.889,0,0
legal-045,legal,1,,SYN,9,1.0,0,0
legal-046,legal,1,,SYN,9,0.889,0,0
legal-047,legal,1,,SYN,9,1.0,0,0
legal-048,legal,1,,SYN,9,1.0,0,0
legal-049,legal,1,,NONE,9,0.667,0,0
legal-050,legal,1,,SYN,9,1.0,0,0
legal-051,legal,1,,SYN,9,1.0,0,0
legal-052,legal,1,,SYN,9,1.0,0,0
legal-053,legal,1,,SYN,9,1.0,0,0
legal-054,legal,1,,SYN,9,1.0,0,0
legal-055,legal,1,,SYN,9,1.0,0,0
legal-056,legal,1,,SYN,9,0.889,0,0
legal-057,legal,1,,SYN,9,1.0,0,0
legal-058,legal,1,,SYN,9,1.0,0,0
legal-059,legal,1,,SYN,9,1.0,0,0
legal-060,legal,1,,SYN,9,1.0,0,0
legal-061,legal,1,,SYN,9,0.889,0,0
legal-062,legal,1,,SYN,9,1.0,0,0
legal-063,legal,1,,SYN,9,0.778,1,0
legal-064,legal,1,,SYN,9,1.0,0,0
legal-065,legal,1,,SYN,9,1.0,0,0
legal-066,legal,1,,SYN,9,0.667,0,0
legal-067,legal,1,,NONE,9,1.0,0,0
legal-068,legal,1,,SYN,9,0.778,0,0
legal-069,legal,1,,SYN,9,1.0,0,0
legal-070,legal,1,,SYN,9,1.0,0,0
legal-071,legal,1,,SYN,9,1.0,0,0
legal-072,legal,1,,SYN,9,1.0,0,0
legal-073,legal,1,,SYN,9,1.0,0,0
legal-074,legal,1,,NONE,9,0.889,0,0
legal-075,legal,1,,PAR,9,0.667,0,0
legal-076,legal,1,,SYN,9,1.0,0,0
legal-077,legal,1,,SYN,9,1.0,0,0
legal-078,legal,1,,SYN,9,1.0,0,0
legal-079,legal,1,,SYN,9,1.0,0,0
legal-080,legal,1,,SYN,9,1.0,0,0
legal-081,legal,1,,SYN,9,1.0,0,0
legal-082,legal,1,,SYN,9,1.0,0,0
legal-083,legal,1,,SYN,9,1.0,0,0
legal-084,legal,1,,SYN,9,1.0,0,0
legal-085,legal,1,,SYN,9,1.0,0,0
legal-086,legal,1,,SYN,9,1.0,0,0
legal-087,legal,1,,SYN,9,1.0,0,0
legal-088,legal,1,,SYN,9,1.0,0,0
legal-089,legal,1,,NONE,9,0.667,0,0
legal-090,legal,1,,SYN,9,0.667,0,0
legal-091,legal,1,,SYN,9,0.889,0,0
legal-092,legal,1,,SYN,9,1.0,0,0
legal-093,legal,1,,SYN,9,1.0,0,0
legal-094,legal,1,,SYN,9,1.0,0,0
legal-095,legal,1,,SYN,9,1.0,0,0
legal-096,legal,1,,SYN,9,0.556,0,0
legal-097,legal,1,,SYN,9,1.0,0,0
legal-098,legal,1,,SYN,9,1.0,0,0
legal-099,legal,1,,SYN,9,1.0,0,0
legal-100,legal,1,,SYN,9,1.0,0,0
legal-101,legal,1,,SYN,9,1.0,0,0
legal-102,legal,1,,SYN,9,1.0,0,0
legal-103,legal,1,,SYN,9,1.0,0,0
legal-104,legal,1,,SYN,9,0.556,0,0
legal-105,legal,1,,SYN,9,1.0,0,0
legal-106,legal,1,,SYN,9,1.0,0,0
legal-107,legal,1,,SYN,9,0.667,0,0
legal-108,legal,1,,SYN,9,1.0,0,0
legal-109,legal,1,,SYN,9,0.889,1,0
legal-110,legal,1,,SYN,9,1.0,0,0
legal-111,legal,1,,SYN,9,1.0,0,0
legal-112,legal,1,,PAR,9,0.556,0,0
legal-113,legal,1,,SYN,9,1.0,0,0
legal-114,legal,1,,SYN,9,0.889,0,0
legal-115,legal,1,,SYN,9,1.0,0,0
legal-116,legal,1,,SYN,9,1.0,0,0
legal-117,legal,1,,PAR,9,0.667,0,0
legal-118,legal,1,,SYN,9,0.889,0,0
legal-119,legal,1,,PAR,9,0.778,0,0
legal-120,legal,1,,SYN,9,1.0,0,0
legal-121,legal,1,,NONE,9,0.778,0,0
legal-122,legal,1,,SYN,9,0.667,0,0
legal-123,legal,1,,SYN,9,1.0,0,0
legal-124,legal,1,,SYN,9,1.0,0,0
legal-125,legal,1,,SYN,9,1.0,0,0
legal-126,legal,1,,SYN,9,1.0,0,0
legal-127,legal,1,,SYN,9,0.889,0,0
legal-128,legal,1,,SYN,9,1.0,0,0
legal-129,legal,1,,SYN,9,1.0,0,0
legal-130,legal,1,,SYN,9,1.0,1,0
legal-131,legal,1,,PAR,9,0.778,0,0
legal-132,legal,1,,SYN,9,0.778,0,0
legal-133,legal,1,,NONE,9,0.889,0,0
legal-134,legal,1,,SYN,9,1.0,0,0
legal-135,legal,1,,NONE,9,0.667,0,0
legal-136,legal,1,,PAR,9,0.444,1,1
legal-137,legal,1,,MER,9,0.556,0,0
legal-138,legal,1,,NONE,9,0.667,0,0
legal-139,legal,1,,SYN,9,1.0,0,0
legal-140,legal,1,,NONE,9,0.556,0,0
legal-141,legal,1,,SYN,9,0.889,0,0
legal-142,legal,1,,PAR,9,0.778,0,0
legal-143,legal,1,,SYN,9,1.0,0,0
legal-144,legal,1,,SYN,9,1.0,0,0
legal-145,legal,1,,SYN,9,1.0,0,0
legal-146,legal,1,,SYN,9,0.778,0,0
legal-147,legal,1,,SYN,9,1.0,0,0
legal-148,legal,1,,SYN,9,1.0,0,0
legal-149,legal,1,,PAR,9,0.667,0,0
legal-150,legal,1,,SYN,9,1.0,0,0
legal-151,legal,1,,SYN,9,1.0,0,0
legal-152,legal,1,,SYN,9,1.0,0,0
legal-153,legal,1,,SYN,9,1.0,0,0
legal-154,legal,1,,SYN,9,1.0,0,0
legal-155,legal,1,,SYN,9,1.0,0,0
legal-156,legal,1,,SYN,9,0.667,0,0
legal-157,legal,1,,SYN,9,0.889,0,0
legal-158,legal,1,,SYN,9,1.0,0,0
legal-159,legal,1,,SYN,9,1.0,0,0
legal-160,legal,1,,SYN,9,1.0,0,0
legal-161,legal,1,,MER,9,0.444,0,1
legal-162,legal,1,,SYN,9,0.889,0,0
legal-163,legal,1,,PAR,9,0.667,0,0
legal-164,legal,1,,SYN,9,0.889,0,0
legal-165,legal,1,,NONE,9,0.444,0,0
legal-166,legal,1,,SYN,9,1.0,0,0
legal-167,legal,1,,SYN,9,1.0,0,0
legal-168,legal,1,,NONE,9,1.0,0,0
legal-169,legal,1,,SYN,9,0.778,0,0
legal-170,legal,1,,PAR,9,1.0,0,0
legal-171,legal,1,,SYN,9,1.0,0,0
legal-172,legal,1,,SYN,9,0.667,0,0
legal-173,legal,1,,SYN,9,1.0,0,0
legal-174,legal,1,,SYN,9,1.0,0,0
legal-175,legal,1,,SYN,9,0.889,0,0
legal-176,legal,1,,SYN,9,1.0,0,0
legal-177,legal,1,,SYN,9,0.667,0,0
legal-178,legal,1,,SYN,9,1.0,0,0
legal-179,legal,1,,SYN,9,0.889,0,0
legal-180,legal,1,,SYN,9,1.0,0,0
legal-181,legal,1,,SYN,9,1.0,0,0
legal-182,legal,1,,SYN,9,1.0,0,0
legal-183,legal,1,,SYN,9,0.556,0,0
legal-184,legal,1,,SYN,9,0.889,0,0
legal-185,legal,1,,SYN,9,1.0,0,0
legal-186,legal,1,,SYN,9,1.0,0,0
legal-187,legal,1,,SYN,9,1.0,0,0
legal-188,legal,1,,SYN,9,1.0,0,0
legal-189,legal,1,,SYN,9,0.778,0,0
legal-190,legal,1,,SYN,9,1.0,0,0
legal-191,legal,1,,SYN,9,1.0,0,0
legal-192,legal,1,,SYN,9,1.0,0,0
legal-193,legal,1,,SYN,9,1.0,1,0
legal-194,legal,1,,SYN,9,0.444,0,0
legal-195,legal,1,,SYN,9,1.0,0,0
legal-196,legal,1,,SYN,9,1.0,0,0
legal-197,legal,1,,SYN,9,0.556,0,0
legal-198,legal,1,,SYN,9,1.0,0,0
legal-199,legal,1,,PAR,9,0.889,0,0
legal-200,legal,1,,SYN,9,0.778,0,0
legal-201,legal,1,,SYN,9,1.0,0,0
legal-202,legal,1,,SYN,9,1.0,0,0
legal-203,legal,1,,NONE,9,0.556,0,0
legal-204,legal,1,,SYN,9,1.0,0,0
legal-205,legal,1,,SYN,9,1.0,0,0
legal-206,legal,1,,SYN,9,1.0,0,0
legal-207,legal,1,,NONE,9,0.667,0,0
legal-208,legal,1,,SYN,9,1.0,0,0
legal-209,legal,1,,SYN,9,1.0,0,0
legal-210,legal,1,,SYN,9,1.0,0,0
legal-211,legal,1,,SYN,9,1.0,0,0
legal-212,legal,1,,SYN,9,1.0,0,0
legal-213,legal,1,,NONE,9,0.667,0,0
legal-214,legal,1,,SYN,9,1.0,0,0
legal-215,legal,1,,SYN,9,1.0,0,0
legal-216,legal,1,,NONE,9,0.778,0,0
legal-217,legal,1,,SYN,9,0.556,0,0
legal-218,legal,1,,SYN,9,1.0,0,0
legal-219,legal,1,,SYN,9,0.778,0,0
legal-220,legal,1,,SYN,9,1.0,0,0
legal-221,legal,1,,PAR,9,0.889,0,0
legal-222,legal,1,,SYN,9,1.0,0,0
legal-223,legal,1,,NONE,9,1.0,0,0
legal-224,legal,1,,SYN,9,0.889,0,0
legal-225,legal,1,,SYN,9,1.0,0,0
legal-226,legal,1,,SYN,9,1.0,0,0
legal-227,legal,1,,SYN,9,1.0,0,0
legal-228,legal,1,,SYN,9,1.0,0,0
legal-229,legal,1,,SYN,9,1.0,0,0
legal-230,legal,1,,SYN,9,0.889,0,0
legal-231,legal,1,,MER,9,1.0,1,0
legal-232,legal,1,,SYN,9,1.0,0,0
legal-233,legal,1,,SYN,9,1.0,0,0
legal-234,legal,1,,SYN,9,1.0,0,0
legal-235,legal,1,,NONE,9,1.0,0,0
legal-236,legal,1,,SYN,9,1.0,0,0
legal-237,legal,1,,SYN,9,1.0,0,0
legal-238,legal,1,,SYN,9,1.0,0,0
legal-239,legal,1,,SYN,9,1.0,0,0
legal-240,legal,1,,SYN,9,1.0,0,0
legal-241,legal,1,,SYN,9,1.0,0,0
legal-242,legal,1,,NONE,9,0.778,0,0
legal-243,legal,1,,SYN,9,1.0,0,0
legal-244,legal,1,,SYN,9,1.0,0,0
legal-245,legal,1,,SYN,9,1.0,0,0
legal-246,legal,1,,PAR,9,0.889,0,0
legal-247,legal,1,,SYN,9,1.0,0,0
legal-248,legal,1,,MER,9,1.0,1,0
legal-249,legal,1,,SYN,9,1.0,0,0
legal-250,legal,1,,SYN,9,0.778,0,0
legal-251,legal,1,,SYN,9,1.0,0,0
legal-252,legal,1,,SYN,9,1.0,0,0
legal-253,legal,1,,NONE,9,1.0,0,0
legal-254,legal,1,,SYN,9,0.778,0,0
legal-255,legal,1,,SYN,9,1.0,0,0
legal-256,legal,1,,SYN,9,0.889,0,0
legal-257,legal,1,,NONE,9,0.778,0,0
legal-258,legal,1,,SYN,9,1.0,0,0
legal-259,legal,1,,SYN,9,1.0,0,0
legal-260,legal,1,,SYN,9,0.667,0,0
legal-261,legal,1,,SYN,9,1.0,0,0
legal-262,legal,1,,SYN,9,0.889,0,0
legal-263,legal,1,,NONE,9,0.889,0,0
legal-264,legal,1,,SYN,9,0.778,0,0
legal-265,legal,1,,SYN,9,1.0,0,0
legal-266,legal,1,,PAR,9,0.667,0,0
legal-267,legal,1,,SYN,9,1.0,0,0
legal-268,legal,1,,PAR,9,0.889,0,0
legal-269,legal,1,,SYN,9,0.778,0,0
legal-270,legal,1,,SYN,9,0.889,0,0
legal-271,legal,1,,SYN,9,1.0,0,0
legal-272,legal,1,,SYN,9,1.0,0,0
legal-273,legal,1,,SYN,9,1.0,0,0
legal-274,legal,1,,SYN,9,0.778,0,0
legal-275,legal,1,,SYN,9,1.0,0,0
legal-276,legal,1,,SYN,9,0.556,0,0
legal-277,legal,1,,SYN,9,1.0,0,0
legal-278,legal,1,,SYN,9,1.0,0,0
legal-279,legal,1,,SYN,9,1.0,0,0
legal-280,legal,1,,SYN,9,1.0,0,0
legal-281,legal,1,,SYN,9,0.778,0,0
legal-282,legal,1,,SYN,9,1.0,0,0
legal-283,legal,1,,SYN,9,1.0,0,0
legal-284,legal,1,,SYN,9,1.0,0,0
legal-285,legal,1,,SYN,9,0.889,0,0
legal-286,legal,1,,SYN,9,1.0,0,0
legal-287,legal,1,,SYN,9,0.556,0,0
legal-288,legal,1,,SYN,9,1.0,0,0
legal-289,legal,1,,SYN,9,1.0,0,0
legal-290,legal,1,,SYN,9,0.667,1,0
legal-291,legal,1,,SYN,9,1.0,0,0
legal-292,legal,1,,SYN,9,1.0,0,0
legal-293,legal,1,,SYN,9,0.778,0,0
legal-294,legal,1,,PAR,9,0.556,0,0
legal-295,legal,1,,SYN,9,0.778,0,0
legal-296,legal,1,,NONE,9,0.556,0,0
legal-297,legal,1,,SYN,9,1.0,0,0
legal-298,legal,1,,SYN,9,0.889,1,0
legal-299,legal,1,,SYN,9,1.0,0,0
legal-300,legal,1,,SYN,9,0.889,0,0
legal-301,legal,1,,NONE,9,0.778,0,0
legal-302,legal,1,,SYN,9,1.0,0,0
legal-303,legal,1,,SYN,9,0.778,0,0
legal-304,legal,1,,SYN,9,1.0,0,0
legal-305,legal,1,,SYN,9,1.0,0,0
legal-306,legal,1,,SYN,9,0.889,0,0
legal-307,legal,1,,NONE,9,0.667,0,0
legal-308,legal,1,,SYN,9,1.0,0,0
legal-309,legal,1,,SYN,9,1.0,0,0
legal-310,legal,1,,SYN,9,1.0,0,0
legal-311,legal,1,,SYN,9,1.0,0,0
legal-312,legal,1,,SYN,9,1.0,0,0
legal-313,legal,1,,SYN,9,1.0,0,0
legal-314,legal,1,,SYN,9,1.0,0,0
legal-315,legal,1,,SYN,9,1.0,0,0
legal-316,legal,1,,SYN,9,1.0,0,0
legal-317,legal,1,,SYN,9,0.889,0,0
legal-318,legal,1,,SYN,9,0.889,0,0
legal-319,legal,1,,NONE,9,0.556,0,0
legal-320,legal,1,,SYN,9,1.0,0,0
legal-321,legal,1,,SYN,9,1.0,0,0
legal-322,legal,1,,SYN,9,1.0,0,0
legal-323,legal,1,,SYN,9,1.0,0,0
legal-324,legal,1,,SYN,9,1.0,0,0
legal-325,legal,1,,SYN,9,1.0,0,0
legal-326,legal,1,,SYN,9,1.0,0,0
legal-327,legal,1,,SYN,9,1.0,0,0
legal-328,legal,1,,SYN,9,1.0,0,0
legal-329,legal,1,,SYN,9,1.0,0,0
legal-330,legal,1,,NONE,9,0.667,0,0
legal-331,legal,1,,SYN,9,1.0,0,0
legal-332,legal,1,,SYN,9,0.667,0,0
legal-333,legal,1,,SYN,9,1.0,0,0
legal-334,legal,1,,SYN,9,1.0,0,0
legal-335,legal,1,,SYN,9,1.0,0,0
legal-336,legal,1,,SYN,9,0.889,0,0
legal-337,legal,1,,MER,9,0.556,0,0
legal-338,legal,1,,SYN,9,1.0,0,0
legal-339,legal,1,,SYN,9,1.0,0,0
legal-340,legal,1,,SYN,9,1.0,0,0
legal-341,legal,1,,SYN,9,0.889,0,0
legal-342,legal,1,,NONE,9,0.556,0,0
legal-343,legal,1,,PAR,9,0.556,0,0
legal-344,legal,1,,NONE,9,0.778,0,0
legal-345,legal,1,,SYN,9,1.0,0,0
legal-346,legal,1,,SYN,9,0.889,0,0
legal-347,legal,1,,SYN,9,1.0,0,0
legal-348,legal,1,,NONE,9,0.556,0,0
legal-349,legal,1,,SYN,9,1.0,0,0
legal-350,legal,1,,SYN,9,1.0,0,0
legal-351,legal,1,,SYN,9,1.0,0,0
legal-352,legal,1,,SYN,9,1.0,0,0
legal-353,legal,1,,SYN,9,0.556,0,0
legal-354,legal,1,,SYN,9,0.667,0,0
legal-355,legal,1,,SYN,9,1.0,0,0
legal-356,legal,1,,SYN,9,1.0,0,0
legal-357,legal,1,,SYN,9,1.0,0,0
legal-358,legal,1,,SYN,9,0.889,0,0
legal-359,legal,1,,NONE,9,0.556,0,0
legal-360,legal,1,,SYN,9,0.667,0,0
legal-361,legal,1,,SYN,9,1.0,0,0
legal-362,legal,1,,SYN,9,1.0,0,0
legal-363,legal,1,,SYN,9,0.556,0,0
legal-364,legal,1,,SYN,9,1.0,0,0
legal-365,legal,1,,SYN,9,0.778,0,0
legal-366,legal,1,,NONE,9,1.0,0,0
legal-367,legal,1,,NONE,9,0.667,0,0
legal-368,legal,1,,NONE,9,0.778,0,0
legal-369,legal,1,,SYN,9,0.889,0,0
legal-370,legal,1,,SYN,9,1.0,0,0
legal-371,legal,1,,SYN,9,1.0,0,0
legal-372,legal,1,,SYN,9,1.0,0,0
legal-373,legal,1,,SYN,9,1.0,0,0
legal-374,legal,1,,SYN,9,0.556,0,0
legal-375,legal,1,,SYN,9,1.0,0,0
legal-376,legal,1,,SYN,9,1.0,0,0
legal-377,legal,1,,SYN,9,1.0,0,0
legal-378,legal,1,,SYN,9,1.0,0,0
legal-379,legal,1,,SYN,9,1.0,0,0
legal-380,legal,1,,SYN,9,0.889,0,0
legal-381,legal,1,,SYN,9,0.778,0,0
legal-382,legal,1,,SYN,9,1.0,0,0
legal-383,legal,1,,SYN,9,1.0,0,0
legal-384,legal,1,,SYN,9,0.889,0,0
legal-385,legal,1,,SYN,9,1.0,0,0
legal-386,legal,1,,SYN,9,0.889,0,0
legal-387,legal,1,,SYN,9,1.0,0,0
legal-388,legal,1,,SYN,9,1.0,0,0
legal-389,legal,1,,SYN,9,0.889,0,0
legal-390,legal,1,,SYN,9,0.889,0,0
legal-391,legal,1,,NONE,9,0.556,0,0
legal-392,legal,1,,SYN,9,0.889,0,0
legal-393,legal,1,,NONE,9,1.0,0,0
legal-394,legal,1,,NONE,9,1.0,0,0
legal-395,legal,1,,SYN,9,0.778,0,0
legal-396,legal,1,,SYN,9,1.0,0,0
legal-397,legal,1,,SYN,9,1.0,0,0
legal-398,legal,1,,SYN,9,1.0,0,0
legal-399,legal,1,,SYN,9,1.0,0,0
legal-400,legal,0,,SYN,9,1.0,0,0
legal-401,legal,0,,NONE,9,1.0,0,0
legal-402,legal,0,,SYN,9,1.0,0,0
legal-403,legal,0,,PAR,9,0.667,0,0
legal-404,legal,0,,PAR,9,0.778,0,0
legal-405,legal,0,,PAR,9,0.556,0,0
legal-406,legal,0,,SYN,9,0.444,0,0
legal-407,legal,0,,SYN,9,1.0,0,0
legal-408,legal,0,,PAR,9,0.667,0,0
legal-409,legal,0,,SYN,9,1.0,0,0
legal-410,legal,0,,SYN,9,1.0,0,0
legal-411,legal,0,,SYN,9,0.667,1,0
legal-412,legal,0,,SYN,9,0.889,0,0
legal-413,legal,0,,PAR,9,0.556,0,0
legal-414,legal,0,,SYN,9,0.556,0,0
legal-415,legal,0,,SYN,9,1.0,0,0
legal-416,legal,0,,SYN,9,1.0,0,0
legal-417,legal,0,,SYN,9,1.0,0,0
legal-418,legal,0,,SYN,9,1.0,0,0
legal-419,legal,0,,PAR,9,0.556,0,0
legal-420,legal,0,,SYN,9,1.0,0,0
legal-421,legal,0,,SYN,9,0.556,0,0
legal-422,legal,0,,PAR,9,0.778,0,0
legal-423,legal,0,,SYN,9,1.0,0,0
legal-424,legal,0,,MER,9,0.556,0,0
legal-425,legal,0,,SYN,9,1.0,0,0
legal-426,legal,0,,PAR,9,0.889,0,0
legal-427,legal,0,,SYN,9,1.0,0,0
legal-428,legal,0,,SYN,9,1.0,0,0
legal-429,legal,0,,SYN,9,0.667,1,0
legal-430,legal,0,,ANT,9,1.0,0,0
legal-431,legal,0,,NONE,9,1.0,0,0
legal-432,legal,0,,SYN,9,1.0,0,0
legal-433,legal,0,,PAR,9,0.556,0,0
legal-434,legal,0,,SYN,9,1.0,0,0
legal-435,legal,0,,SYN,9,1.0,0,0
legal-436,legal,0,,MER,9,0.444,0,1
legal-437,legal,0,,SYN,9,0.889,0,0
legal-438,legal,0,,MER,9,0.778,0,0
legal-439,legal,0,,SYN,9,0.556,0,0
math-000,math,1,,ANT,9,1.0,0,0
math-001,math,1,,MER,9,0.667,1,0
math-002,math,1,,MER,9,0.667,0,0
math-003,math,1,,SYN,9,1.0,0,0
math-004,math,1,,SYN,9,1.0,1,0
math-005,math,1,,MER,9,1.0,0,0
math-006,math,1,,SYN,9,1.0,0,0
math-007,math,1,,SYN,9,1.0,0,0
math-008,math,1,,ANT,9,1.0,1,0
math-009,math,1,,SYN,9,1.0,0,0
math-010,math,1,,SYN,9,1.0,0,0
math-011,math,1,,SYN,9,1.0,0,0
math-012,math,1,,MER,9,1.0,1,0
math-013,math,1,,MER,9,1.0,1,0
math-014,math,1,,ANT,9,1.0,1,0
math-015,math,1,,SYN,9,1.0,0,0
math-016,math,1,,SYN,9,1.0,0,0
math-017,math,1,,SYN,9,1.0,0,0
math-018,math,1,,SYN,9,0.556,1,0
math-019,math,1,,SYN,9,1.0,0,0
math-020,math,1,,MER,9,0.889,0,0
math-021,math,1,,SYN,9,1.0,0,0
math-022,math,1,,SYN,9,0.889,0,0
math-023,math,1,,SYN,9,0.889,0,0
math-024,math,1,,SYN,9,1.0,0,0
math-025,math,1,,SYN,9,0.778,0,0
math-026,math,1,,SYN,9,1.0,0,0
math-027,math,1,,SYN,9,1.0,0,0
math-028,math,1,,MER,9,1.0,1,0
math-029,math,1,,MER,9,0.667,1,0
math-030,math,1,,MER,9,0.667,1,0
math-031,math,1,,SYN,9,1.0,0,0
math-032,math,1,,SYN,9,0.778,1,0
math-033,math,1,,MER,9,0.778,1,0
math-034,math,1,,SYN,9,0.778,0,0
math-035,math,1,,SYN,9,1.0,0,0
math-036,math,1,,PAR,9,0.667,1,0
math-037,math,1,,MER,9,1.0,1,0
math-038,math,1,,SYN,9,1.0,0,0
math-039,math,1,,SYN,9,1.0,0,0
math-040,math,1,,SYN,9,1.0,0,0
math-041,math,1,,MER,9,1.0,1,0
math-042,math,1,,SYN,9,0.889,0,0
math-043,math,1,,SYN,9,1.0,0,0
math-044,math,1,,SYN,9,1.0,0,0
math-045,math,1,,SYN,9,1.0,0,0
math-046,math,1,,MER,9,0.889,1,0
math-047,math,1,,MER,9,1.0,1,0
math-048,math,1,,MER,9,0.667,1,0
math-049,math,1,,SYN,9,1.0,0,0
math-050,math,1,,MER,9,0.667,1,0
math-051,math,1,,MER,9,0.667,1,0
math-052,math,1,,SYN,9,1.0,0,0
math-053,math,1,,MER,9,1.0,1,0
math-054,math,1,,MER,9,0.889,1,0
math-055,math,1,,SYN,9,1.0,0,0
math-056,math,1,,SYN,9,0.889,0,0
math-057,math,1,,NONE,9,0.889,0,0
math-058,math,1,,PAR,9,0.667,0,0
math-059,math,1,,MER,9,1.0,0,0
math-060,math,1,,SYN,9,1.0,0,0
math-061,math,1,,SYN,9,1.0,0,0
math-062,math,1,,MER,9,0.778,0,0
math-063,math,1,,SYN,9,1.0,0,0
math-064,math,1,,MER,9,0.778,0,0
math-065,math,1,,SYN,9,1.0,0,0
math-066,math,1,,SYN,9,1.0,0,0
math-067,math,1,,ANT,9,1.0,1,0
math-068,math,1,,SYN,9,1.0,0,0
math-069,math,1,,MER,9,1.0,1,0
math-070,math,1,,SYN,9,0.667,1,0
math-071,math,1,,SYN,9,1.0,0,0
math-072,math,1,,MER,9,0.889,1,0
math-073,math,1,,SYN,9,1.0,0,0
math-074,math,1,,SYN,9,0.778,0,0
math-075,math,1,,SYN,9,1.0,0,0
math-076,math,1,,SYN,9,1.0,0,0
math-077,math,1,,SYN,9,1.0,0,0
math-078,math,1,,SYN,9,1.0,0,0
math-079,math,1,,MER,9,0.889,1,0
math-080,math,1,,SYN,9,1.0,0,0
math-081,math,1,,ANT,9,1.0,0,0
math-082,math,1,,SYN,9,1.0,0,0
math-083,math,1,,SYN,9,1.0,1,0
math-084,math,1,,SYN,9,1.0,0,0
math-085,math,1,,SYN,9,0.889,0,0
math-086,math,1,,MER,9,1.0,1,0
math-087,math,1,,MER,9,1.0,1,0
math-088,math,1,,SYN,9,1.0,0,0
math-089,math,1,,SYN,9,1.0,0,0
math-090,math,1,,SYN,9,1.0,0,0
math-091,math,1,,SYN,9,1.0,0,0
math-092,math,1,,SYN,9,1.0,0,0
math-093,math,1,,SYN,9,1.0,0,0
math-094,math,1,,SYN,9,0.889,0,0
math-095,math,1,,SYN,9,1.0,0,0
math-096,math,1,,SYN,9,1.0,0,0
math-097,math,1,,MER,9,1.0,1,0
math-098,math,1,,SYN,9,0.889,0,0
math-099,math,1,,ANT,9,1.0,1,0
math-100,math,1,,SYN,9,0.889,0,0
math-101,math,1,,SYN,9,0.889,0,0
math-102,math,1,,MER,9,0.667,1,0
math-103,math,1,,SYN,9,1.0,0,0
math-104,math,1,,SYN,9,1.0,0,0
math-105,math,1,,SYN,9,1.0,0,0
math-106,math,1,,ANT,9,0.667,1,0
math-107,math,1,,ANT,9,0.667,1,0
math-108,math,1,,SYN,9,1.0,0,0
math-109,math,1,,MER,9,1.0,1,0
math-110,math,1,,SYN,9,1.0,0,0
math-111,math,1,,SYN,9,1.0,0,0
math-112,math,1,,SYN,9,1.0,0,0
math-113,math,1,,ANT,9,1.0,0,0
math-114,math,1,,MER,9,0.667,1,0
math-115,math,1,,MER,9,0.889,1,0
math-116,math,1,,SYN,9,1.0,0,0
math-117,math,1,,SYN,9,0.778,1,0
math-118,math,1,,MER,9,0.556,1,0
math-119,math,1,,SYN,9,0.778,1,0
math-120,math,1,,SYN,9,1.0,1,0
math-121,math,1,,SYN,9,0.667,1,0
math-122,math,1,,MER,9,1.0,1,0
math-123,math,1,,SYN,9,1.0,0,0
math-124,math,1,,SYN,9,1.0,0,0
math-125,math,1,,SYN,9,1.0,0,0
math-126,math,1,,ANT,9,0.889,1,0
math-127,math,1,,SYN,9,1.0,0,0
math-128,math,1,,MER,9,0.556,1,0
math-129,math,1,,MER,9,1.0,1,0
math-130,math,1,,MER,9,1.0,1,0
math-131,math,1,,SYN,9,1.0,0,0
math-132,math,1,,SYN,9,0.889,0,0
math-133,math,1,,MER,9,0.778,0,0
math-134,math,1,,MER,9,1.0,0,0
math-135,math,1,,MER,9,0.667,0,0
math-136,math,1,,MER,9,0.889,0,0
math-137,math,1,,MER,9,0.889,1,0
math-138,math,1,,MER,9,0.778,0,0
math-139,math,1,,MER,9,0.778,0,0
math-140,math,1,,MER,9,1.0,0,0
math-141,math,1,,ANT,9,1.0,1,0
math-142,math,1,,SYN,9,1.0,0,0
math-143,math,1,,MER,9,1.0,1,0
math-144,math,1,,SYN,9,0.889,0,0
math-145,math,1,,MER,9,1.0,1,0
math-146,math,1,,ANT,9,1.0,1,0
math-147,math,1,,MER,9,1.0,1,0
math-148,math,1,,SYN,9,1.0,0,0
math-149,math,1,,SYN,9,1.0,0,0
math-150,math,1,,ANT,9,1.0,1,0
math-151,math,1,,SYN,9,0.556,0,0
math-152,math,1,,SYN,9,1.0,0,0
math-153,math,1,,SYN,9,1.0,0,0
math-154,math,1,,SYN,9,1.0,0,0
math-155,math,1,,SYN,9,0.667,0,0
math-156,math,1,,MER,9,1.0,1,0
math-157,math,1,,MER,9,0.667,1,0
math-158,math,1,,MER,9,1.0,1,0
math-159,math,1,,ANT,9,1.0,1,0
math-160,math,1,,SYN,9,1.0,0,0
math-161,math,1,,MER,9,0.556,1,0
math-162,math,1,,SYN,9,1.0,0,0
math-163,math,1,,MER,9,1.0,1,0
math-164,math,1,,MER,9,1.0,1,0
math-165,math,1,,MER,9,1.0,1,0
math-166,math,1,,SYN,9,1.0,0,0
math-167,math,1,,SYN,9,1.0,0,0
math-168,math,1,,ANT,9,1.0,1,0
math-169,math,1,,MER,9,0.778,1,0
math-170,math,1,,SYN,9,0.556,1,0
math-171,math,1,,MER,9,0.667,1,0
math-172,math,1,,MER,9,0.556,1,0
math-173,math,1,,MER,9,0.556,0,0
math-174,math,1,,SYN,9,1.0,1,0
math-175,math,1,,SYN,9,1.0,0,0
math-176,math,1,,MER,9,0.889,0,0
math-177,math,1,,MER,9,0.889,0,0
math-178,math,1,,MER,9,1.0,0,0
math-179,math,1,,SYN,9,1.0,0,0
math-180,math,1,,SYN,9,0.889,1,0
math-181,math,1,,SYN,9,0.889,0,0
math-182,math,1,,SYN,9,0.556,1,0
math-183,math,1,,SYN,9,0.778,0,0
math-184,math,1,,SYN,9,0.778,0,0
math-185,math,1,,SYN,9,1.0,0,0
math-186,math,1,,MER,9,1.0,1,0
math-187,math,1,,PAR,9,0.778,1,0
math-188,math,1,,MER,9,0.778,0,0
math-189,math,1,,SYN,9,0.556,0,0
math-190,math,1,,SYN,9,0.667,0,0
math-191,math,1,,SYN,9,1.0,0,0
math-192,math,1,,SYN,9,1.0,0,0
math-193,math,1,,SYN,9,1.0,0,0
math-194,math,1,,SYN,9,1.0,1,0
math-195,math,1,,SYN,9,1.0,0,0
math-196,math,1,,MER,9,0.556,1,0
math-197,math,1,,SYN,9,1.0,0,0
math-198,math,1,,SYN,9,1.0,0,0
math-199,math,1,,MER,9,0.667,1,0
math-200,math,1,,SYN,9,1.0,0,0
math-201,math,1,,SYN,9,1.0,0,0
math-202,math,1,,SYN,9,1.0,0,0
math-203,math,1,,SYN,9,0.667,0,0
math-204,math,1,,SYN,9,1.0,0,0
math-205,math,1,,MER,9,0.889,1,0
math-206,math,1,,SYN,9,1.0,0,0
math-207,math,1,,MER,9,1.0,1,0
math-208,math,1,,SYN,9,1.0,0,0
math-209,math,1,,SYN,9,1.0,0,0
math-210,math,1,,SYN,9,1.0,0,0
math-211,math,1,,SYN,9,1.0,0,0
math-212,math,1,,SYN,9,1.0,0,0
math-213,math,1,,SYN,9,0.667,1,0
math-214,math,1,,SYN,9,0.889,1,0
math-215,math,1,,SYN,9,1.0,1,0
math-216,math,1,,SYN,9,1.0,0,0
math-217,math,1,,SYN,9,1.0,0,0
math-218,math,1,,SYN,9,1.0,0,0
math-219,math,1,,ANT,9,1.0,0,0
math-220,math,1,,ANT,9,0.667,1,0
math-221,math,1,,MER,9,1.0,1,0
math-222,math,1,,MER,9,1.0,1,0
math-223,math,1,,MER,9,0.667,1,0
math-224,math,1,,MER,9,1.0,1,0
math-225,math,1,,SYN,9,1.0,0,0
math-226,math,1,,SYN,9,1.0,0,0
math-227,math,1,,ANT,9,0.667,1,0
math-228,math,1,,MER,9,0.667,1,0
math-229,math,1,,MER,9,0.667,0,0
math-230,math,1,,MER,9,0.889,0,0
math-231,math,1,,MER,9,0.889,0,0
math-232,math,1,,SYN,9,1.0,0,0
math-233,math,1,,SYN,9,1.0,0,0
math-234,math,1,,SYN,9,0.778,0,0
math-235,math,1,,SYN,9,1.0,0,0
math-236,math,1,,SYN,9,0.778,1,0
math-237,math,1,,SYN,9,1.0,0,0
math-238,math,1,,MER,9,1.0,1,0
math-239,math,1,,MER,9,0.889,1,0
math-240,math,1,,ANT,9,0.778,0,0
math-241,math,1,,SYN,9,1.0,0,0
math-242,math,1,,SYN,9,1.0,0,0
math-243,math,1,,SYN,9,1.0,0,0
math-244,math,1,,SYN,9,1.0,0,0
math-245,math,1,,SYN,9,1.0,0,0
math-246,math,1,,SYN,9,1.0,0,0
math-247,math,1,,SYN,9,0.778,0,0
math-248,math,1,,ANT,9,1.0,1,0
math-249,math,1,,MER,9,0.556,1,0
math-250,math,1,,ANT,9,1.0,1,0
math-251,math,1,,ANT,9,1.0,1,0
math-252,math,1,,SYN,9,1.0,0,0
math-253,math,1,,SYN,9,1.0,0,0
math-254,math,1,,MER,9,0.556,1,0
math-255,math,1,,MER,9,1.0,1,0
math-256,math,1,,SYN,9,0.889,1,0
math-257,math,1,,SYN,9,0.778,0,0
math-258,math,1,,SYN,9,1.0,0,0
math-259,math,1,,SYN,9,1.0,0,0
math-260,math,1,,SYN,9,0.778,0,0
math-261,math,1,,SYN,9,0.889,1,0
math-262,math,1,,SYN,9,1.0,0,0
math-263,math,1,,MER,9,1.0,1,0
math-264,math,1,,SYN,9,1.0,0,0
math-265,math,1,,MER,9,1.0,1,0
math-266,math,1,,MER,9,0.667,1,0
math-267,math,1,,SYN,9,1.0,0,0
math-268,math,1,,SYN,9,1.0,0,0
math-269,math,1,,ANT,9,1.0,1,0
math-270,math,1,,SYN,9,1.0,0,0
math-271,math,1,,MER,9,0.444,1,0
math-272,math,1,,MER,9,0.667,1,0
math-273,math,1,,MER,9,0.778,1,0
math-274,math,1,,SYN,9,1.0,0,0
math-275,math,1,,SYN,9,1.0,0,0
math-276,math,1,,SYN,9,1.0,0,0
math-277,math,1,,MER,9,0.556,1,0
math-278,math,1,,MER,9,0.778,1,0
math-279,math,1,,SYN,9,1.0,0,0
math-280,math,1,,SYN,9,1.0,0,0
math-281,math,1,,SYN,9,1.0,0,0
math-282,math,1,,SYN,9,1.0,0,0
math-283,math,1,,SYN,9,1.0,1,0
math-284,math,1,,MER,9,1.0,1,0
math-285,math,1,,SYN,9,1.0,0,0
math-286,math,1,,SYN,9,1.0,0,0
math-287,math,1,,SYN,9,1.0,0,0
math-288,math,1,,MER,9,1.0,1,0
math-289,math,1,,MER,9,1.0,1,0
math-290,math,1,,ANT,9,0.556,1,0
math-291,math,1,,MER,9,0.778,1,0
math-292,math,1,,SYN,9,1.0,0,0
math-293,math,1,,SYN,9,1.0,0,0
math-294,math,1,,ANT,9,0.889,1,0
math-295,math,1,,SYN,9,1.0,1,0
math-296,math,1,,SYN,9,1.0,0,0
math-297,math,1,,SYN,9,1.0,0,0
math-298,math,1,,SYN,9,1.0,0,0
math-299,math,1,,SYN,9,1.0,0,0
math-300,math,1,,SYN,9,1.0,0,0
math-301,math,1,,MER,9,1.0,0,0
math-302,math,1,,SYN,9,0.556,1,0
math-303,math,1,,SYN,9,0.667,1,0
math-304,math,1,,PAR,9,0.556,0,0
math-305,math,1,,SYN,9,1.0,0,0
math-306,math,1,,ANT,9,1.0,1,0
math-307,math,1,,MER,9,0.778,1,0
math-308,math,1,,ANT,9,1.0,0,0
math-309,math,1,,SYN,9,1.0,0,0
math-310,math,1,,SYN,9,1.0,0,0
math-311,math,1,,SYN,9,1.0,0,0
math-312,math,1,,ANT,9,1.0,1,0
math-313,math,1,,SYN,9,1.0,0,0
math-314,math,1,,SYN,9,0.889,0,0
math-315,math,1,,SYN,9,1.0,0,0
math-316,math,1,,MER,9,0.667,1,0
math-317,math,1,,SYN,9,0.778,0,0
math-318,math,1,,SYN,9,1.0,0,0
math-319,math,1,,MER,9,0.778,0,0
math-320,math,1,,SYN,9,0.778,1,0
math-321,math,1,,SYN,9,1.0,0,0
math-322,math,1,,SYN,9,1.0,0,0
math-323,math,1,,SYN,9,1.0,0,0
math-324,math,1,,ANT,9,1.0,1,0
math-325,math,1,,SYN,9,1.0,0,0
math-326,math,1,,SYN,9,1.0,0,0
math-327,math,1,,MER,9,0.556,1,0
math-328,math,1,,SYN,9,1.0,0,0
math-329,math,1,,SYN,9,1.0,0,0
math-330,math,1,,MER,9,1.0,1,0
math-331,math,1,,SYN,9,1.0,0,0
math-332,math,1,,MER,9,1.0,1,0
math-333,math,1,,SYN,9,1.0,0,0
math-334,math,1,,ANT,9,1.0,1,0
math-335,math,1,,MER,9,0.556,1,0
math-336,math,1,,SYN,9,1.0,0,0
math-337,math,1,,SYN,9,1.0,1,0
math-338,math,1,,SYN,9,1.0,0,0
math-339,math,1,,SYN,9,1.0,0,0
math-340,math,1,,SYN,9,1.0,0,0
math-341,math,1,,SYN,9,1.0,0,0
math-342,math,1,,SYN,9,1.0,0,0
math-343,math,1,,ANT,9,0.667,1,0
math-344,math,1,,MER,9,0.889,1,0
math-345,math,1,,SYN,9,1.0,0,0
math-346,math,1,,SYN,9,1.0,0,0
math-347,math,1,,MER,9,1.0,1,0
math-348,math,1,,SYN,9,1.0,0,0
math-349,math,1,,SYN,9,0.556,1,0
math-350,math,1,,SYN,9,1.0,0,0
math-351,math,1,,SYN,9,1.0,0,0
math-352,math,1,,SYN,9,0.667,1,0
math-353,math,1,,SYN,9,1.0,0,0
math-354,math,1,,SYN,9,1.0,0,0
math-355,math,1,,SYN,9,1.0,0,0
math-356,math,1,,SYN,9,1.0,0,0
math-357,math,1,,MER,9,0.667,1,0
math-358,math,1,,ANT,9,1.0,1,0
math-359,math,1,,SYN,9,1.0,0,0
math-360,math,1,,SYN,9,1.0,0,0
math-361,math,1,,SYN,9,1.0,0,0
math-362,math,1,,SYN,9,1.0,0,0
math-363,math,1,,ANT,9,1.0,0,0
math-364,math,1,,SYN,9,1.0,0,0
math-365,math,1,,MER,9,0.778,0,0
math-366,math,1,,SYN,9,1.0,0,0
math-367,math,1,,SYN,9,1.0,0,0
math-368,math,1,,ANT,9,1.0,1,0
math-369,math,1,,MER,9,1.0,1,0
math-370,math,1,,SYN,9,1.0,0,0
math-371,math,1,,SYN,9,0.778,0,0
math-372,math,1,,SYN,9,1.0,0,0
math-373,math,1,,SYN,9,0.556,0,0
math-374,math,1,,SYN,9,1.0,0,0
math-375,math,1,,SYN,9,1.0,0,0
math-376,math,1,,MER,9,0.778,0,0
math-377,math,1,,SYN,9,1.0,0,0
math-378,math,1,,SYN,9,1.0,0,0
math-379,math,1,,MER,9,0.889,0,0
math-380,math,1,,ANT,9,0.667,1,0
math-381,math,1,,SYN,9,0.667,0,0
math-382,math,1,,MER,9,0.778,0,0
math-383,math,1,,MER,9,0.667,0,0
math-384,math,1,,SYN,9,0.667,1,0
math-385,math,1,,MER,9,0.889,0,0
math-386,math,1,,MER,9,0.778,0,0
math-387,math,1,,SYN,9,1.0,0,0
math-388,math,1,,SYN,9,1.0,0,0
math-389,math,1,,SYN,9,1.0,0,0
math-390,math,1,,SYN,9,1.0,0,0
math-391,math,1,,MER,9,1.0,1,0
math-392,math,1,,SYN,9,1.0,0,0
math-393,math,1,,MER,9,1.0,1,0
math-394,math,1,,SYN,9,0.667,0,0
math-395,math,1,,MER,9,1.0,1,0
math-396,math,1,,ANT,9,1.0,0,0
math-397,math,1,,SYN,9,1.0,0,0
math-398,math,1,,MER,9,0.889,1,0
math-399,math,1,,SYN,9,1.0,0,0
math-400,math,1,,MER,9,1.0,1,0
math-401,math,1,,MER,9,0.556,1,0
math-402,math,1,,PAR,9,1.0,0,0
math-403,math,1,,SYN,9,0.667,0,0
math-404,math,1,,MER,9,1.0,1,0
math-405,math,1,,SYN,9,1.0,0,0
math-406,math,1,,MER,9,0.889,1,0
math-407,math,1,,SYN,9,0.889,0,0
math-408,math,1,,SYN,9,1.0,0,0
math-409,math,1,,SYN,9,1.0,0,0
math-410,math,1,,SYN,9,1.0,0,0
math-411,math,1,,ANT,9,1.0,1,0
math-412,math,1,,ANT,9,1.0,1,0
math-413,math,1,,SYN,9,1.0,0,0
math-414,math,1,,MER,9,0.889,0,0
math-415,math,1,,MER,9,0.667,0,0
math-416,math,1,,MER,9,0.778,0,0
math-417,math,1,,MER,9,0.778,0,0
math-418,math,1,,ANT,9,1.0,0,0
math-419,math,1,,ANT,9,1.0,1,0
math-420,math,1,,ANT,9,0.889,1,0
math-421,math,1,,MER,9,1.0,1,0
math-422,math,1,,SYN,9,1.0,0,0
math-423,math,1,,SYN,9,1.0,0,0
math-424,math,1,,MER,9,0.667,0,0
math-425,math,1,,SYN,9,1.0,0,0
math-426,math,1,,MER,9,1.0,1,0
math-427,math,1,,SYN,9,1.0,0,0
math-428,math,1,,SYN,9,1.0,0,0
math-429,math,1,,MER,9,0.889,0,0
math-430,math,1,,SYN,9,1.0,0,0
math-431,math,1,,MER,9,0.889,0,0
math-432,math,1,,MER,9,0.667,0,0
math-433,math,1,,SYN,9,1.0,0,0
math-434,math,1,,SYN,9,1.0,0,0
math-435,math,1,,SYN,9,1.0,0,0
math-436,math,1,,SYN,9,1.0,0,0
math-437,math,1,,SYN,9,1.0,0,0
math-438,math,1,,MER,9,0.667,0,0
math-439,math,1,,SYN,9,1.0,0,0
math-440,math,1,,ANT,9,1.0,1,0
math-441,math,1,,SYN,9,1.0,0,0
math-442,math,1,,SYN,9,1.0,0,0
math-443,math,1,,MER,9,1.0,1,0
math-444,math,1,,MER,9,1.0,0,0
math-445,math,1,,SYN,9,1.0,0,0
math-446,math,1,,SYN,9,1.0,0,0
math-447,math,1,,SYN,9,1.0,0,0
math-448,math,1,,MER,9,0.444,1,1
math-449,math,1,,SYN,9,0.778,0,0
math-450,math,1,,ANT,9,1.0,1,0
math-451,math,1,,ANT,9,1.0,1,0
math-452,math,1,,SYN,9,1.0,0,0
math-453,math,1,,MER,9,1.0,0,0
math-454,math,1,,SYN,9,1.0,1,0
math-455,math,1,,MER,9,1.0,1,0
math-456,math,1,,SYN,9,1.0,0,0
math-457,math,1,,MER,9,0.556,1,0
math-458,math,1,,SYN,9,1.0,0,0
math-459,math,1,,ANT,9,1.0,1,0
math-460,math,1,,MER,9,1.0,1,0
math-461,math,1,,SYN,9,1.0,0,0
math-462,math,1,,SYN,9,0.889,0,0
math-463,math,1,,MER,9,0.778,0,0
math-464,math,1,,ANT,9,1.0,1,0
math-465,math,1,,MER,9,0.667,1,0
math-466,math,1,,MER,9,0.556,0,0
math-467,math,1,,ANT,9,0.556,0,0
math-468,math,1,,SYN,9,0.778,0,0
math-469,math,1,,SYN,9,1.0,0,0
math-470,math,1,,SYN,9,1.0,0,0
math-471,math,1,,MER,9,0.778,0,0
math-472,math,1,,SYN,9,1.0,0,0
math-473,math,1,,MER,9,0.889,0,0
math-474,math,1,,SYN,9,1.0,0,0
math-475,math,1,,SYN,9,1.0,0,0
math-476,math,1,,SYN,9,1.0,0,0
math-477,math,1,,SYN,9,0.556,0,0
math-478,math,1,,MER,9,0.556,0,0
math-479,math,1,,SYN,9,1.0,0,0
math-480,math,1,,SYN,9,0.778,0,0
math-481,math,1,,MER,9,0.889,0,0
math-482,math,1,,NONE,9,0.556,0,0
math-483,math,1,,MER,9,0.667,1,0
math-484,math,1,,SYN,9,0.556,0,0
math-485,math,1,,SYN,9,1.0,0,0
math-486,math,1,,SYN,9,1.0,0,0
math-487,math,1,,MER,9,1.0,1,0
math-488,math,1,,MER,9,0.667,1,0
math-489,math,1,,SYN,9,1.0,0,0
math-490,math,1,,MER,9,1.0,1,0
math-491,math,1,,SYN,9,0.778,0,0
math-492,math,1,,MER,9,1.0,1,0
math-493,math,1,,MER,9,0.889,1,0
math-494,math,1,,MER,9,0.778,1,0
math-495,math,1,,MER,9,0.889,1,0
math-496,math,1,,MER,9,1.0,1,0
math-497,math,1,,SYN,9,1.0,0,0
math-498,math,1,,MER,9,1.0,1,0
math-499,math,1,,SYN,9,0.667,1,0
math-500,math,1,,MER,9,0.889,1,0
math-501,math,1,,SYN,9,0.556,0,0
math-502,math,1,,MER,9,1.0,1,0
math-503,math,1,,MER,9,0.333,0,1
math-504,math,1,,NONE,9,0.778,0,0
math-505,math,1,,MER,9,0.889,1,0
math-506,math,1,,MER,9,1.0,1,0
math-507,math,1,,MER,9,0.667,1,0
math-508,math,1,,SYN,9,1.0,0,0
math-509,math,1,,SYN,9,1.0,0,0
math-510,math,1,,SYN,9,1.0,0,0
math-511,math,1,,SYN,9,1.0,0,0
math-512,math,1,,MER,9,0.889,1,0
math-513,math,1,,MER,9,1.0,1,0
math-514,math,1,,ANT,9,1.0,1,0
math-515,math,1,,ANT,9,0.556,0,0
math-516,math,1,,SYN,9,0.778,0,0
math-517,math,1,,MER,9,0.889,0,0
math-518,math,1,,MER,9,0.556,1,0
math-519,math,1,,ANT,9,1.0,1,0
math-520,math,1,,SYN,9,1.0,0,0
math-521,math,1,,ANT,9,0.556,1,0
math-522,math,1,,MER,9,0.778,1,0
math-523,math,1,,MER,9,0.889,1,0
math-524,math,1,,MER,9,0.889,1,0
math-525,math,1,,ANT,9,1.0,1,0
math-526,math,1,,SYN,9,0.889,0,0
math-527,math,1,,SYN,9,1.0,0,0
math-528,math,1,,SYN,9,1.0,0,0
math-529,math,1,,SYN,9,1.0,0,0
math-530,math,1,,MER,9,0.778,0,0
math-531,math,1,,SYN,9,1.0,0,0
math-532,math,1,,SYN,9,1.0,0,0
math-533,math,1,,SYN,9,1.0,0,0
math-534,math,1,,MER,9,0.778,0,0
math-535,math,1,,MER,9,1.0,0,0
math-536,math,1,,SYN,9,1.0,0,0
math-537,math,1,,MER,9,0.667,0,0
math-538,math,1,,MER,9,0.889,0,0
math-539,math,1,,SYN,9,1.0,0,0
math-540,math,1,,MER,9,0.556,1,0
math-541,math,1,,MER,9,1.0,1,0
math-542,math,1,,MER,9,0.889,1,0
math-543,math,1,,SYN,9,1.0,0,0
math-544,math,1,,SYN,9,0.889,0,0
math-545,math,1,,SYN,9,1.0,0,0
math-546,math,1,,SYN,9,0.444,0,0
math-547,math,1,,MER,9,1.0,0,0
math-548,math,1,,MER,9,1.0,1,0
math-549,math,1,,MER,9,0.778,0,0
math-550,math,1,,MER,9,1.0,1,0
math-551,math,1,,SYN,9,0.667,0,0
math-552,math,1,,SYN,9,1.0,0,0
math-553,math,1,,SYN,9,1.0,0,0
math-554,math,1,,ANT,9,1.0,1,0
math-555,math,1,,SYN,9,1.0,0,0
math-556,math,1,,SYN,9,1.0,0,0
math-557,math,1,,SYN,9,1.0,0,0
math-558,math,1,,SYN,9,1.0,0,0
math-559,math,1,,MER,9,0.889,1,0
math-560,math,1,,SYN,9,1.0,0,0
math-561,math,1,,SYN,9,1.0,0,0
math-562,math,1,,SYN,9,1.0,0,0
math-563,math,1,,MER,9,0.778,1,0
math-564,math,1,,SYN,9,1.0,0,0
math-565,math,1,,ANT,9,1.0,1,0
math-566,math,1,,MER,9,0.556,1,0
math-567,math,1,,SYN,9,0.778,0,0
math-568,math,1,,SYN,9,1.0,0,0
math-569,math,1,,SYN,9,1.0,0,0
math-570,math,1,,ANT,9,1.0,0,0
math-571,math,1,,SYN,9,0.556,1,0
math-572,math,1,,ANT,9,1.0,1,0
math-573,math,1,,MER,9,0.667,0,0
math-574,math,1,,MER,9,0.667,0,0
math-575,math,1,,SYN,9,1.0,0,0
math-576,math,1,,SYN,9,1.0,0,0
math-577,math,1,,SYN,9,0.889,0,0
math-578,math,1,,SYN,9,0.889,0,0
math-579,math,1,,MER,9,1.0,0,0
math-580,math,1,,MER,9,1.0,1,0
math-581,math,1,,SYN,9,1.0,0,0
math-582,math,1,,SYN,9,1.0,0,0
math-583,math,1,,SYN,9,1.0,0,0
math-584,math,1,,MER,9,1.0,1,0
math-585,math,1,,ANT,9,1.0,0,0
math-586,math,1,,ANT,9,1.0,1,0
math-587,math,1,,SYN,9,1.0,0,0
math-588,math,1,,SYN,9,1.0,0,0
math-589,math,1,,MER,9,1.0,1,0
math-590,math,1,,MER,9,0.778,1,0
math-591,math,1,,MER,9,0.889,1,0
math-592,math,1,,ANT,9,1.0,1,0
math-593,math,1,,ANT,9,1.0,1,0
math-594,math,1,,MER,9,0.778,0,0
math-595,math,1,,SYN,9,1.0,1,0
math-596,math,1,,SYN,9,0.556,0,0
math-597,math,1,,MER,9,1.0,0,0
math-598,math,1,,ANT,9,1.0,1,0
math-599,math,1,,ANT,9,1.0,1,0
math-600,math,1,,SYN,9,1.0,0,0
math-601,math,1,,MER,9,1.0,1,0
math-602,math,1,,MER,9,1.0,1,0
math-603,math,1,,SYN,9,1.0,0,0
math-604,math,1,,MER,9,1.0,0,0
math-605,math,1,,SYN,9,1.0,0,0
math-606,math,1,,SYN,9,1.0,0,0
math-607,math,1,,SYN,9,0.889,0,0
math-608,math,1,,SYN,9,0.556,1,0
math-609,math,1,,SYN,9,0.778,0,0
math-610,math,1,,MER,9,0.556,1,0
math-611,math,1,,MER,9,1.0,1,0
math-612,math,1,,SYN,9,1.0,1,0
math-613,math,1,,SYN,9,1.0,0,0
math-614,math,1,,MER,9,1.0,0,0
math-615,math,1,,MER,9,0.444,1,0
math-616,math,1,,ANT,9,1.0,1,0
math-617,math,1,,SYN,9,1.0,0,0
math-618,math,1,,SYN,9,1.0,0,0
math-619,math,1,,ANT,9,1.0,1,0
math-620,math,1,,SYN,9,1.0,0,0
math-621,math,1,,MER,9,1.0,1,0
math-622,math,1,,SYN,9,1.0,0,0
math-623,math,1,,SYN,9,1.0,0,0
math-624,math,1,,SYN,9,0.778,0,0
math-625,math,1,,SYN,9,1.0,0,0
math-626,math,1,,SYN,9,1.0,0,0
